nombre,tipo_centro,dir,horario,dias,lon,lat,tipo,entidades_que_apoya,entidad
Instituto Nacional de Perinatología,Académico,"Calle Montes Urales 800, Miguel Hidalgo, Lomas Virreyes, 11000 Ciudad de México, CDMX",,,-99.2058139,19.4231682,"Alimentos y agua, Higiene personal, Limpieza del hogar, Primeros auxilios, Alimento para mascotas",Juchitán,CDMX
Locatel,Gobierno,"Heroes del 47 No. 113, San Mateo Churubusco, 04120 Coyoacán, CDMX",9:00 - 18:00,Lunes a domingo,-99.1499681,19.3514956,"Alimentos y agua, Higiene personal, Limpieza del hogar","Oaxaca, Chiapas",CDMX
Restaurante Comixcal,Ciudadano,"Dr. Atl 176, Sta María la Ribera, 06400 Ciudad de México, CDMX",14:30 - 22:00,,-99.1563685,19.4484336,"Alimentos y agua, Higiene personal, Limpieza del hogar, Ropa",Juchitán,CDMX
PRI Nacional,Ciudadano,"Avenida Insurgentes Norte 59, Buenavista, 06359 Cuauhtémoc, CDMX, Mexico",,,-99.154322,19.441615,"Alimentos, Higiene Personal, Limpieza del Hogar",12 entidades federativas afectadas,CDMX
Instancia Coordinadora Nacional de la Sección XXII de Oaxaca,Ciudadano,"Av. Coyoacán 939, Col del Valle Centro, 03100 Ciudad de México, CDMX",,,-99.1686104,19.381953,"Medicamentos, Material de de curación",Istmo,CDMX
Centro Cultural Macario Matus,Ciudadano,"Almacenes 74, Cuauhtémoc, 06900 Ciudad de México, CDMX",,,-99.1359304,19.4504745,"Alimentos y agua, Higiene personal, Limpieza del hogar",Juchitán,CDMX
Zócalo,Gobierno,"Plaza de la Constitución S/N, Centro, Cuauhtémoc, 06010 Ciudad de México, CDMX, Mexico",9:00 - 18:00,Lunes a Domingo,-99.1332049,19.4326018,"Artículos de primera necesidad, Higiene personal, Limpieza del hogar","Oaxaca, Chiapas",CDMX
Sandoval Contadores Públicos,Ciudadano,"Lago Wetter 134, Cuauhtémoc Pensil, 11490 Ciudad de México, CDMX",,,-99.1937932,19.4449117,,Istmo,CDMX
ENAH,Académico,"Periférico Sur y Zapote s/n. Colonia Isidro Fabela, Tlalpan, Isidro Fabela, 14030 Ciudad de México, CDMX",7:00 - 15:00,,-99.1798404,19.3023275,,"Pueblos huaves, Juchitán",CDMX
UNAM - Estadio Olímpico Universtario,Académico,"Universidad Nacional Autonoma de Mexico C.U., Av de los Insurgentes Sur S/N, Cd. Universitaria, 04510 Ciudad de México, CDMX, Mexico",9:00 - 17:00,Sábado,-99.1921777,19.3319125,"Alimentos, Productos de Higiene Personal, Limpieza del hogar",,CDMX
DIF Nacional,Gobierno,"Gral. Emiliano Zapata 340, Sta Cruz Atoyac, 03310 Ciudad de México, CDMX",,,-99.162057,19.3695354,"Alimentos y agua, Higiene personal, Limpieza del hogar, Primeros auxilios, Medicamentos, Alimentos para bebé","Oaxaca, Chiapas",CDMX
DIF - Almacenes Generales,Gobierno,"Av. México Coyoacán 278, Sta Cruz Atoyac, 03310 Ciudad de México, CDMX",,,-99.1632828,19.3661932,"Alimentos y agua, Higiene personal, Limpieza del hogar, Primeros auxilios, Medicamentos, Alimentos para bebé","Oaxaca, Chiapas",CDMX
DIF - Casa Hogar para Niñas Graciela Zubirán,Gobierno,"Avenida de los Insurgentes Sur 3700B, Insurgentes Cuicuilco, 04530 Ciudad de México, CDMX",,,-99.1862268,19.3075602,"Alimentos y agua, Higiene personal, Limpieza del hogar, Primeros auxilios, Medicamentos, Alimentos para bebé","Oaxaca, Chiapas",CDMX
DIF - Dirección General de Integración Social,Gobierno,"Av. Insurgentes Sur 3700B, Insurgentes Cuicuilco, 04530 Ciudad de México, CDMX",,,-99.1864679,19.3078736,"Alimentos y agua, Higiene personal, Limpieza del hogar, Primeros auxilios, Medicamentos, Alimentos para bebé","Oaxaca, Chiapas",CDMX
Seminario de Cultura Mexicana,Ciudadano,"Av. Pdte. Masaryk 526, Polanco, Polanco II Secc, 11550 Ciudad de México, CDMX",9:00 - 19:00,,-99.2049472,19.4320662,"Alimentos y agua, Higiene personal, Limpieza del hogar, Otros","Oaxaca, Chiapas",CDMX
Representación de Oaxaca en la CDMX,Gobierno,"Shakespeare 68, Anzures, 11590 Ciudad de México, CDMX
",,,-99.1772563,19.4283907,"Alimentos y agua, Higiene personal, Limpieza del hogar, Otros",Oaxaca,CDMX
"PALECH, Pacto de América Latina por la Educación con Calidad Humana",Ciudadano,"Guanabana 201 Int. C, Nueva Santa María, 02800 Ciudad de México, CDMX",,,-99.1682402,19.4655262,"Alimentos y agua, Higiene personal, Limpieza del hogar, Primeros auxilios, Medicamentos, Alimentos para bebé","Juchitán, Oaxaca",CDMX
Zoológico Los Coyotes,Ciudadano,"Av. Heroica Escuela Naval Militar S/N, Coyoacán, Ex Ejido San Pablo Tepetlapa, 04900 Ciudad de México, CDMX",,A partir del domingo,-99.1246561,19.3187726,,,CDMX
Delegación Benito Juárez,Gobierno,"Avenida Cuauhtémoc 1240, Sta Cruz Atoyac, 03310 Ciudad de México, CDMX",10:00 - 18:00,,-99.1608446,19.3719192,"No perecederos, Toallas femeninas, Higiene Personal, Otros",,CDMX
Enseña por México,Ciudadano,"Calle Hamburgo 14, Int. PB, Col. Juárez, Del. Cuauhtémoc, Ciudad de México",09:00 - 18:00,Lunes a viernes,,,"Agua embotellada, alimentos enlatados, leche en polvo, botiquín de primeros auxilios, higiene personal.",,CDMX
Casa de Atención Ciudadana Laura Plascencia,Ciudadano,"Nicolás Bravo 31, Tonalá Centro, 45400 Tonalá, Jal",,,-103.245317,20.6252797,"Alimentos y agua, Higiene personal, Limpieza del hogar, Otros",Istmo de Tehuantepec,Jalisco
Arquidiocesis Antequera Oaxaca,Religioso,"Calle Macedonio Alcalá 801, RUTA INDEPENDENCIA, Centro, 68000 Oaxaca, Oax.
","10:00 - 14:00, 17:00 - 19:00",,-96.7233352,17.0690643,"Alimentos y agua, Higiene personal, Limpieza del hogar",,Oaxaca
DIF Estatal - Gimnasio Flores Magón,Gobierno,"Centro, 68000 Oaxaca",,,-96.7253164,17.0637447,"Alimentos y agua, Higiene personal, Limpieza del hogar",,Oaxaca
Cruz Roja Tuxtla,Cruz Roja,"Av. 5A. Norte Poniente 1480, Covandonga, Tuxtla Gutiérrez, Chis., Mexico",9:00 - 19:00,,-93.1327293,16.7611035,"Alimentos y agua, Higiene personal, Limpieza del hogar, Otros",Chiapas,Chiapas
Tecnológico de Monterrey Chiapas,Académico,"DAE y Plaza Prepa- Carretera Tapanatepec- Tuxtla Gutierrez Km 149+746, Juan Crispin, 29020 Tuxtla Gutiérrez, Chis.",,,,,"Alimentos no perecederos, Higiene personal, Limpieza general.",,Chiapas
La Purísima Cocina Oaxaqueña,Ciudadano,"Calle 25 Sur B 905, La Paz, 72160 Puebla, Pue.",,,-93.110086,16.770447,"Alimentos y agua, Higiene personal, Limpieza del hogar, Cobijas",Istmo,Puebla
Zócalo de la Ciudad de Puebla,Gobierno,"Juan de Palafox y Mendoza, Centro, 72000 Puebla, Pue.",10:00 - 16:00,,-98.2197061,19.050877,,,Puebla
UPAEP,Académico,"Calle 21 Sur 1103, Barrio de Santiago, 72410 Puebla, Pue.","L a S 9:00 - 20:00, D 10:00 - 14:00",Lunes a domingo,-98.195645,19.0429188,"Alimentos y agua, Higiene personal, Limpieza del hogar, Cobijas",Oaxaca,Puebla
DIF Metepec,Gobierno,"Av Manuel J. Clouthier No.70, Izcalli Cuauhtemoc V, 52176 Metepec, Méx.",8:00 - 16:00,Lunes a viernes,-98.2160623,19.0480531,"No perecederos, Higiene Personal, Agua embotellada","Oaxaca, Chiapas",EdoMex
"Explanada Norte, Estadio BBVA Bancomer",Ciudadano,"Pablo Livas 2011, La Pastora, 67140 Guadalupe, N.L.",,A partir de las 17:00 del sábado 9 de septiembre,-99.5963832,19.2695055,"Alimentos y agua, Higiene personal, Limpieza del hogar, Primeros auxilios, Medicamentos, Alimentos para bebé, Abrelatas, Bolsas de basura, Linternas y baterías","Oaxaca, Chiapas",NL
Oficinas DIF Nuevo León ,Gobierno,"Av. Morones Prieto 600 Ote., Col. Independencia, Monterrey, N.L.",08:00 - 17:00,,-100.2445578,25.6679986,"Alimentos (agua no), Higiene personal, Limpieza del hogar, Cobijas, Colchonetas.","Oaxaca, Chiapas",NL
Universidad de Guadalajara en Coordinación de Extensión o en Servicios Médicos Integrales ,Académico,"Periférico Norte N° 799, Núcleo Universitario Los Belenes, 45100 Zapopan, Jal.",08:00 - 17:00,,-103.3808525,20.7407607,"Alimentos y agua, Higiene personal, Limpieza del hogar, Cobijas, Ropa","Oaxaca, Chiapas",Jalisco
Presidencia Municipal Zapopan,Gobierno,"Avenida Hidalgo 151, Zapopan, 45100 Zapopan, Jal.",9:00 - 16:00,,-103.3898239,20.7216089,"Alimentos y agua, Higiene personal, Limpieza del hogar, Cobijas","Oaxaca, Chiapas",Jalisco
DIF Zapopan,Gobierno,"Av. Laureles 1151, Unidad Fovissste, 45149 Zapopan, Jal.",9:00 - 15:00,,-103.403356,20.7379616,"Alimentos y agua, Higiene personal, Limpieza del hogar, Cobijas","Oaxaca, Chiapas",Jalisco
DIF Playa del Carmen - Palapa de Usos Múltiples,Gobierno,"Calle 8 Nte, Gonzalo Guerrero, 77720 Playa del Carmen, Q.R.",9:00 - 17:00,Lunes a domingo,-87.076454,20.6281345,"Alimentos y agua, Higiene personal, Limpieza del hogar, Cobijas, Ropa y zapatos","Oaxaca, Chiapas",Quintana Roo
Cruz Roja Mexicana - Sede Nacional,Cruz Roja,"uan Luis Vives 200, Polanco I Sección, Polanco I Secc, 11510 Miguel Hidalgo, CDMX",8:00 - 20:00,Lunes a domingo,,,"Atún, sardinas, frijoles, arroz, lenteja, sopa de pasta, chiles en lata, consomé de pollo en polvo, verduras en lata, sal, mayonesa, aceite, café soluble, azúcar, mermelada, chocolate en polvo, galletas, abrelatas",,CDMX
Cruz Roja Mexicana - Delegación Estado de México,Cruz Roja,"Paseo Santa Elena 72, Fraccionamiento Santa Elena, 52100 San Mateo Atenco, Méx",8:00 - 20:00,Lunes a domingo,,,"Atún, sardinas, frijoles, arroz, lenteja, sopa de pasta, chiles en lata, consomé de pollo en polvo, verduras en lata, sal, mayonesa, aceite, café soluble, azúcar, mermelada, chocolate en polvo, galletas, abrelatas",,EdoMex
Cruz Roja Mexicana - Delegación Oaxaca,Cruz Roja,"Armenta y López No. 700 Colonia Centro. CP: 68000 Oaxaca, Oaxaca.",8:00 - 20:00,Lunes a domingo,,,"Atún, sardinas, frijoles, arroz, lenteja, sopa de pasta, chiles en lata, consomé de pollo en polvo, verduras en lata, sal, mayonesa, aceite, café soluble, azúcar, mermelada, chocolate en polvo, galletas, abrelatas",,Oaxaca
Cruz Roja Mexicana - Delegación Chiapas,Cruz Roja,"Libramiento Nte. Ote. 451, Albania Baja, 29010 Tuxtla Gutiérrez, Chis.",8:00 - 20:00,Lunes a domingo,,,"Atún, sardinas, frijoles, arroz, lenteja, sopa de pasta, chiles en lata, consomé de pollo en polvo, verduras en lata, sal, mayonesa, aceite, café soluble, azúcar, mermelada, chocolate en polvo, galletas, abrelatas",,Chiapas
Cruz Roja Mexicana - Delegación Tabasco,Cruz Roja,"Av. Paseo Tabasco No. 613, Colonia Jesús García, 86040, Villahermosa, Tabasco.",8:00 - 20:00,Lunes a domingo,,,"Atún, sardinas, frijoles, arroz, lenteja, sopa de pasta, chiles en lata, consomé de pollo en polvo, verduras en lata, sal, mayonesa, aceite, café soluble, azúcar, mermelada, chocolate en polvo, galletas, abrelatas",,Tabasco
Campo Marte,Gobierno,"Avenida Paseo de La Reforma, Miguel Hidalgo, San Miguel Chapultepec, 11850 Ciudad de México, CDMX",,Lunes a domingo,,,"Atún, sardinas, frijoles, arroz, lenteja, sopa de pasta, chiles en lata, consomé de pollo en polvo, verduras en lata, sal, mayonesa, aceite, café soluble, azúcar, mermelada, chocolate en polvo, galletas, abrelatas",,CDMX